ticker,id,text,created_at,author_id,lang,sentiment
TSLA,1940853994303508584,"rt  tsla
tesla koreas incredible achievement

  sold  units of the new model y during the apriljune period",2025-07-03 19:23:46+00:00,1340376591214456835,en,positive
TSLA,1940853992747327580,"fearless warriors and fellow degens youre welcome to prove me wrong i have the best ai in the world ive built it myself ill wait   k   

lunc sol wif pnut fred mul solguy aiguy tsla nvda egg trump spacex",2025-07-03 19:23:45+00:00,51969376,en,positive
TSLA,1940853959583002973,only elon can save tsla now,2025-07-03 19:23:37+00:00,1373680479296229377,en,positive
TSLA,1940853946786238875,"i made  buying the stocks he   recommended it felt great

     

azo bby ffiv ftnt tsla bac crml vor nfe ni sdm jfbr sisi jfbr oneg spr pre alot vero pltr kequ pins",2025-07-03 19:23:34+00:00,1925377960959516673,en,positive
